{
    "accuracy": 0.9962,
    "precision": 0.9962035899303852,
    "recall": 0.9962,
    "f1_score": 0.9962002574944921,
    "roc_auc": 0.9999902728163527
}